Index,CHSName,JAPName,ENGName,Type1,Type2,Ability1,Ability2,Ability3,EggType1,EggType2,EggStep,Hp,Atk,Def,SpAtk,SpDef,Spd,Total
001,妙蛙种子,フシギダネ,Bulbasaur,草,毒,茂盛,,叶绿素,怪兽,植物群,20,45,49,49,65,65,45,318
002,妙蛙草,フシギソウ,Ivysaur,草,毒,茂盛,,叶绿素,怪兽,植物群,20,60,62,63,80,80,60,405
003,妙蛙花,フシギバナ,Venusaur,草,毒,茂盛,,叶绿素,怪兽,植物群,20,80,82,83,100,100,80,525
003,妙蛙花-超級進化,フシギバナ,Venusaur,草,毒,茂盛,,叶绿素,怪兽,植物群,20,80,100,123,122,120,80,625
004,小火龙,ヒトカゲ,Charmander,火,-火,猛火,,太阳之力,怪兽,龙群,20,39,52,43,60,50,65,309
005,火恐龙,リザード,Charmeleon,火,-火,猛火,,太阳之力,怪兽,龙群,20,58,64,58,80,65,80,405
006,喷火龙,リザードン,Charizard,火,飞行,猛火,,太阳之力,怪兽,龙群,20,78,84,78,109,85,100,534
006,喷火龙-超級噴火龍Ｘ,リザードン,Charizard,火,飞行,猛火,,太阳之力,怪兽,龙群,20,78,130,111,130,85,100,634
006,喷火龙-超級噴火龍Ｙ,リザードン,Charizard,火,飞行,猛火,,太阳之力,怪兽,龙群,20,78,104,78,159,115,100,634
007,杰尼龟,ゼニガメ,Squirtle,水,-水,激流,,雨盘,怪兽,水中1群,20,44,48,65,50,64,43,314
008,卡咪龟,カメール,Wartortle,水,-水,激流,,雨盘,怪兽,水中1群,20,59,63,80,65,80,58,405
009,水箭龟,カメックス,Blastoise,水,-水,激流,,雨盘,怪兽,水中1群,20,79,83,100,85,105,78,530
009,水箭龟-超級進化,カメックス,Blastoise,水,-水,激流,,雨盘,怪兽,水中1群,20,79,103,120,135,115,78,630
010,绿毛虫,キャタピー,Caterpie,虫,-虫,鳞粉,,逃跑,虫群,,15,45,30,35,20,20,45,195
011,铁甲蛹,トランセル,Metapod,虫,-虫,蜕皮,,,虫群,,15,50,20,55,25,25,30,205
012,巴大蝶-第六世代起,バタフリー,Butterfree,虫,飞行,复眼,,有色眼镜,虫群,,15,60,45,50,90,80,70,395
012,巴大蝶-第六世代之前,バタフリー,Butterfree,虫,飞行,复眼,,有色眼镜,虫群,,15,60,45,50,80,80,70,385
013,独角虫,ビードル,Weedle,虫,毒,鳞粉,,逃跑,虫群,,15,40,35,30,20,20,50,195
014,铁壳蛹,コクーン,Kakuna,虫,毒,蜕皮,,,虫群,,15,45,25,50,25,25,35,205
015,大针蜂-第六世代起,スピアー,Beedrill,虫,毒,虫之预感,,狙击手,虫群,,15,65,90,40,45,80,75,395
015,大针蜂,スピアー,Beedrill,虫,毒,虫之预感,,狙击手,虫群,,15,65,90,40,45,80,75,395
015,大针蜂-超級進化,スピアー,Beedrill,虫,毒,虫之预感,,狙击手,虫群,,15,65,150,40,15,80,145,495
015,大针蜂-第六世代之前,スピアー,Beedrill,虫,毒,虫之预感,,狙击手,虫群,,15,65,80,40,45,80,75,385
016,波波,ポッポ,Pidgey,一般,飞行,锐利目光,蹒跚,健壮胸肌,飞行群,,15,40,45,40,35,35,56,251
017,比比鸟,ピジョン,Pidgeotto,一般,飞行,锐利目光,蹒跚,健壮胸肌,飞行群,,15,63,60,55,50,50,71,349
018,大比鸟-第六世代起,ピジョット,Pidgeot,一般,飞行,锐利目光,蹒跚,健壮胸肌,飞行群,,15,83,80,75,70,70,101,479
018,大比鸟,ピジョット,Pidgeot,一般,飞行,锐利目光,蹒跚,健壮胸肌,飞行群,,15,83,80,75,70,70,101,479
018,大比鸟-超級進化,ピジョット,Pidgeot,一般,飞行,锐利目光,蹒跚,健壮胸肌,飞行群,,15,83,80,80,135,80,121,579
018,大比鸟-第六世代之前,ピジョット,Pidgeot,一般,飞行,锐利目光,蹒跚,健壮胸肌,飞行群,,15,83,80,75,70,70,91,469
019,小拉达,コラッタ,Rattata,一般,-一般,逃跑,毅力,活力,陆上群,,15,30,56,35,25,35,72,253
020,拉达,ラッタ,Raticate,一般,-一般,逃跑,毅力,活力,陆上群,,15,55,81,60,50,70,97,413
020,拉达-阿罗拉的样子,ラッタ,Raticate,一般,-一般,逃跑,毅力,活力,陆上群,,15,75,71,70,40,80,77,413
021,烈雀,オニスズメ,Spearow,一般,飞行,锐利目光,,狙击手,飞行群,,15,40,60,30,31,31,70,262
022,大嘴雀,オニドリル,Fearow,一般,飞行,锐利目光,,狙击手,飞行群,,15,65,90,65,61,61,100,442
023,阿柏蛇,アーボ,Ekans,毒,-毒,威吓,蜕皮,紧张感,陆上,龙群,20,35,60,44,40,54,55,288
024,阿柏怪-第七世代起,アーボック,Arbok,毒,-毒,威吓,蜕皮,紧张感,陆上,龙群,20,60,95,69,65,79,80,448
024,阿柏怪-第七世代之前,アーボック,Arbok,毒,-毒,威吓,蜕皮,紧张感,陆上,龙群,20,60,85,69,65,79,80,438
025,皮卡丘-皮卡丘(第六世代起),ピカチュウ,Pikachu,电,-电,静电,,避雷针,陆上,妖精群,10,35,55,40,50,50,90,320
025,皮卡丘-搭档皮卡丘,ピカチュウ,Pikachu,电,-电,静电,,避雷针,陆上,妖精群,10,45,80,50,75,60,120,430
025,皮卡丘-皮卡丘(第六世代之前),ピカチュウ,Pikachu,电,-电,静电,,避雷针,陆上,妖精群,10,35,55,30,50,40,90,300
026,雷丘-第六世代起,ライチュウ,Raichu,电,-电,静电,,避雷针,陆上,妖精群,10,60,90,55,90,80,110,485
026,雷丘-阿罗拉的样子,ライチュウ,Raichu,电,-电,静电,,避雷针,陆上,妖精群,10,60,85,50,95,85,110,485
026,雷丘-第六世代之前,ライチュウ,Raichu,电,-电,静电,,避雷针,陆上,妖精群,10,60,90,55,90,80,100,475
027,穿山鼠,サンド,Sandshrew,地面,-地面,沙隐,,拨沙,陆上群,,20,50,75,85,20,30,40,300
027,穿山鼠-阿罗拉的样子,サンド,Sandshrew,地面,-地面,沙隐,,拨沙,陆上群,,20,50,75,90,10,35,40,300
028,穿山王,サンドパン,Sandslash,地面,-地面,沙隐,,拨沙,陆上群,,20,75,100,110,45,55,65,450
028,穿山王-阿罗拉的样子,サンドパン,Sandslash,地面,-地面,沙隐,,拨沙,陆上群,,20,75,100,120,25,65,65,450
029,尼多兰,ニドラン♀,Nidoran♀,毒,-毒,毒刺,斗争心,活力,怪兽,陆上群,20,55,47,52,40,40,41,275
030,尼多娜,ニドリーナ,Nidorina,毒,-毒,毒刺,斗争心,活力,未发现群,,20,70,62,67,55,55,56,365
031,尼多后-第六世代起,ニドクイン,Nidoqueen,毒,地面,毒刺,斗争心,强行,未发现群,,20,90,92,87,75,85,76,505
031,尼多后-第六世代之前,ニドクイン,Nidoqueen,毒,地面,毒刺,斗争心,强行,未发现群,,20,90,82,87,75,85,76,495
032,尼多朗,ニドラン♂,Nidoran♂,毒,-毒,毒刺,斗争心,活力,怪兽,陆上群,20,46,57,40,40,40,50,273
033,尼多力诺,ニドリーノ,Nidorino,毒,-毒,毒刺,斗争心,活力,怪兽,陆上群,20,61,72,57,55,55,65,365
034,尼多王-第六世代起,ニドキング,Nidoking,毒,地面,毒刺,斗争心,强行,怪兽,陆上群,20,81,102,77,85,75,85,505
034,尼多王-第六世代之前,ニドキング,Nidoking,毒,地面,毒刺,斗争心,强行,怪兽,陆上群,20,81,92,77,85,75,85,495
035,皮皮,ピッピ,Clefairy,妖精,-妖精,迷人之躯,魔法防守,友情防守,妖精群,,10,70,45,48,60,65,35,323
036,皮可西-第六世代起,ピクシー,Clefable,妖精,-妖精,迷人之躯,魔法防守,纯朴,妖精群,,10,95,70,73,95,90,60,483
036,皮可西-第六世代之前,ピクシー,Clefable,妖精,-妖精,迷人之躯,魔法防守,纯朴,妖精群,,10,95,70,73,85,90,60,473
037,六尾,ロコン,Vulpix,火,-火,引火,,日照,陆上群,,20,38,41,40,50,65,65,299
038,九尾,キュウコン,Ninetales,火,-火,引火,,日照,陆上群,,20,73,76,75,81,100,100,505
038,九尾-阿罗拉的样子,キュウコン,Ninetales,火,-火,引火,,日照,陆上群,,20,73,67,75,81,100,109,505
039,胖丁,プリン,Jigglypuff,一般,妖精,迷人之躯,好胜,友情防守,妖精群,,10,115,45,20,45,25,20,270
040,胖可丁-第六世代起,プクリン,Wigglytuff,一般,妖精,迷人之躯,好胜,察觉,妖精群,,10,140,70,45,85,50,45,435
040,胖可丁-第六世代之前,プクリン,Wigglytuff,一般,妖精,迷人之躯,好胜,察觉,妖精群,,10,140,70,45,75,50,45,425
041,超音蝠,ズバット,Zubat,毒,飞行,精神力,,穿透,飞行群,,15,40,45,35,30,40,55,245
042,大嘴蝠,ゴルバット,Golbat,毒,飞行,精神力,,穿透,飞行群,,15,75,80,70,65,75,90,455
043,走路草,ナゾノクサ,Oddish,草,毒,叶绿素,,逃跑,植物群,,20,45,50,55,75,65,30,320
044,臭臭花,クサイハナ,Gloom,草,毒,叶绿素,,恶臭,植物群,,20,60,65,70,85,75,40,395
045,霸王花-第六世代起,ラフレシア,Vileplume,草,毒,叶绿素,,孢子,植物群,,20,75,80,85,110,90,50,490
045,霸王花-第六世代之前,ラフレシア,Vileplume,草,毒,叶绿素,,孢子,植物群,,20,75,80,85,100,90,50,480
046,派拉斯,パラス,Paras,虫,草,孢子,干燥皮肤,湿气,虫,植物群,20,35,70,55,45,55,25,285
047,派拉斯特,パラセクト,Parasect,虫,草,孢子,干燥皮肤,湿气,虫,植物群,20,60,95,80,60,80,30,405
048,毛球,コンパン,Venonat,虫,毒,复眼,有色眼镜,逃跑,虫群,,20,60,55,50,40,55,45,305
049,摩鲁蛾,モルフォン,Venomoth,虫,毒,鳞粉,有色眼镜,奇迹皮肤,虫群,,20,70,65,60,90,75,90,450
050,地鼠,ディグダ,Diglett,地面,-地面,沙隐,沙穴,沙之力,陆上群,,20,10,55,25,35,45,95,265
050,地鼠-阿罗拉的样子,ディグダ,Diglett,地面,-地面,沙隐,沙穴,沙之力,陆上群,,20,10,55,30,35,45,90,265
051,三地鼠-第七世代起,ダグトリオ,Dugtrio,地面,-地面,沙隐,沙穴,沙之力,陆上群,,20,35,100,50,50,70,120,425
051,三地鼠-阿罗拉的样子,ダグトリオ,Dugtrio,地面,-地面,沙隐,沙穴,沙之力,陆上群,,20,35,100,60,50,70,110,425
051,三地鼠-第七世代之前,ダグトリオ,Dugtrio,地面,-地面,沙隐,沙穴,沙之力,陆上群,,20,35,80,50,50,70,120,405
052,喵喵,ニャース,Meowth,一般,-一般,捡拾,技术高手,紧张感,陆上群,,20,40,45,35,40,40,90,290
052,喵喵-阿罗拉的样子,ニャース,Meowth,一般,-一般,捡拾,技术高手,紧张感,陆上群,,20,40,35,35,50,40,90,290
052,喵喵-伽勒尔的样子,ニャース,Meowth,一般,-一般,捡拾,技术高手,紧张感,陆上群,,20,50,65,55,40,40,40,290
053,猫老大,ペルシアン,Persian,一般,-一般,柔软,技术高手,紧张感,陆上群,,20,65,70,60,65,65,115,440
053,猫老大-阿罗拉的样子,ペルシアン,Persian,一般,-一般,柔软,技术高手,紧张感,陆上群,,20,65,60,60,75,65,115,440
054,可达鸭,コダック,Psyduck,水,-水,湿气,无关天气,悠游自如,水中1,陆上群,20,50,52,48,65,50,55,320
055,哥达鸭,ゴルダック,Golduck,水,-水,湿气,无关天气,悠游自如,水中1,陆上群,20,80,82,78,95,80,85,500
056,猴怪,マンキー,Mankey,格斗,-格斗,干劲,愤怒穴位,不服输,陆上群,,20,40,80,35,35,45,70,305
057,火暴猴,オコリザル,Primeape,格斗,-格斗,干劲,愤怒穴位,不服输,陆上群,,20,65,105,60,60,70,95,455
058,卡蒂狗,ガーディ,Growlithe,火,-火,威吓,引火,正义之心,陆上群,,20,55,70,45,70,50,60,350
059,风速狗,ウインディ,Arcanine,火,-火,威吓,引火,正义之心,陆上群,,20,90,110,80,100,80,95,555
060,蚊香蝌蚪,ニョロモ,Poliwag,水,-水,储水,湿气,悠游自如,水中1群,,20,40,50,40,40,40,90,300
061,蚊香君,ニョロゾ,Poliwhirl,水,-水,储水,湿气,悠游自如,水中1群,,20,65,65,65,50,50,90,385
062,蚊香泳士-第六世代起,ニョロボン,Poliwrath,水,格斗,储水,湿气,悠游自如,水中1群,,20,90,95,95,70,90,70,510
062,蚊香泳士-第六世代之前,ニョロボン,Poliwrath,水,格斗,储水,湿气,悠游自如,水中1群,,20,90,85,95,70,90,70,500
063,凯西,ケーシィ,Abra,超能力,-超能力,同步,精神力,魔法防守,人型群,,20,25,20,15,105,55,90,310
064,勇基拉,ユンゲラー,Kadabra,超能力,-超能力,同步,精神力,魔法防守,人型群,,20,40,35,30,120,70,105,400
065,胡地-第七世代起,フーディン,Alakazam,超能力,-超能力,同步,精神力,魔法防守,人型群,,20,55,50,45,135,95,120,500
065,胡地,フーディン,Alakazam,超能力,-超能力,同步,精神力,魔法防守,人型群,,20,55,50,45,135,95,120,500
065,胡地-超級進化,フーディン,Alakazam,超能力,-超能力,同步,精神力,魔法防守,人型群,,20,55,50,65,175,95,150,590
065,胡地-第六世代,フーディン,Alakazam,超能力,-超能力,同步,精神力,魔法防守,人型群,,20,55,50,45,135,95,120,500
065,胡地-第六世代之前,フーディン,Alakazam,超能力,-超能力,同步,精神力,魔法防守,人型群,,20,55,50,45,135,85,120,490
066,腕力,ワンリキー,Machop,格斗,-格斗,毅力,无防守,不屈之心,人型群,,20,70,80,50,35,35,35,305
067,豪力,ゴーリキー,Machoke,格斗,-格斗,毅力,无防守,不屈之心,人型群,,20,80,100,70,50,60,45,405
068,怪力,カイリキー,Machamp,格斗,-格斗,毅力,无防守,不屈之心,人型群,,20,90,130,80,65,85,55,505
069,喇叭芽,マダツボミ,Bellsprout,草,毒,叶绿素,,贪吃鬼,植物群,,20,50,75,35,70,30,40,300
070,口呆花,ウツドン,Weepinbell,草,毒,叶绿素,,贪吃鬼,植物群,,20,65,90,50,85,45,55,390
071,大食花-第六世代起,ウツボット,Victreebel,草,毒,叶绿素,,贪吃鬼,植物群,,20,80,105,65,100,70,70,490
071,大食花-第六世代之前,ウツボット,Victreebel,草,毒,叶绿素,,贪吃鬼,植物群,,20,80,105,65,100,60,70,480
072,玛瑙水母,メノクラゲ,Tentacool,水,毒,恒净之躯,污泥浆,雨盘,水中3群,,20,40,40,35,50,100,70,335
073,毒刺水母,ドククラゲ,Tentacruel,水,毒,恒净之躯,污泥浆,雨盘,水中3群,,20,80,70,65,80,120,100,515
074,小拳石,イシツブテ,Geodude,岩石,地面,坚硬脑袋,结实,沙隐,矿物群,,15,40,80,100,30,30,20,300
075,隆隆石,ゴローン,Graveler,岩石,地面,坚硬脑袋,结实,沙隐,矿物群,,15,55,95,115,45,45,35,390
076,隆隆岩-第六世代起,ゴローニャ,Golem,岩石,地面,坚硬脑袋,结实,沙隐,矿物群,,15,80,120,130,55,65,45,495
076,隆隆岩-第六世代之前,ゴローニャ,Golem,岩石,地面,坚硬脑袋,结实,沙隐,矿物群,,15,80,110,130,55,65,45,485
077,小火马,ポニータ,Ponyta,火,,逃跑,引火,火焰之躯,陆上群,,20,50,85,55,65,65,90,410
077,小火马-伽勒尔的样子,ポニータ,Ponyta,火,,逃跑,引火,火焰之躯,陆上群,,20,50,85,55,65,65,90,410
078,烈焰马,ギャロップ,Rapidash,火,,逃跑,引火,火焰之躯,陆上群,,20,65,100,70,80,80,105,500
078,烈焰马-伽勒尔的样子,ギャロップ,Rapidash,火,,逃跑,引火,火焰之躯,陆上群,,20,65,100,70,80,80,105,500
079,呆呆兽,ヤドン,Slowpoke,水,超能力,迟钝,我行我素,再生力,怪兽,水中1群,20,90,65,65,40,40,15,315
080,呆壳兽,ヤドラン,Slowbro,水,超能力,迟钝,我行我素,再生力,怪兽,水中1群,20,95,75,110,100,80,30,490
080,呆壳兽-超級進化,ヤドラン,Slowbro,水,超能力,迟钝,我行我素,再生力,怪兽,水中1群,20,95,75,180,130,80,30,590
081,小磁怪,コイル,Magnemite,电,钢,磁力,结实,分析,矿物群,,20,25,35,70,95,55,45,325
098,大钳蟹,クラブ,Krabby,水,,怪力钳,硬壳盔甲,强行,水中3群,,20,30,105,90,25,25,50,325
099,巨钳蟹,キングラー,Kingler,水,,怪力钳,硬壳盔甲,强行,水中3群,,20,55,130,115,50,50,75,475
100,霹雳电球,ビリリダマ,Voltorb,电,,隔音,静电,引爆,矿物群,,20,40,30,50,55,55,100,330
100,霹雳电球,ビリリダマ,Voltorb,电,,隔音,静电,引爆,矿物群,,20,40,30,50,55,55,100,330
101,顽皮雷弹-第七世代起,マルマイン,Electrode,电,,隔音,静电,引爆,矿物群,,20,60,50,70,80,80,150,490
101,顽皮雷弹-第七世代之前,マルマイン,Electrode,电,,隔音,静电,引爆,矿物群,,20,60,50,70,80,80,140,480
102,蛋蛋,タマタマ,Exeggcute,草,超能力,叶绿素,,收获,植物群,,20,60,40,80,60,45,40,325
103,椰蛋树-第七世代起,ナッシー,Exeggutor,草,超能力,叶绿素,,收获,植物群,,20,95,95,85,125,75,55,530
103,椰蛋树-阿罗拉的样子,ナッシー,Exeggutor,草,龙,叶绿素,,收获,植物群,,20,95,105,85,125,75,45,530
103,椰蛋树-第七世代之前,ナッシー,Exeggutor,草,超能力,叶绿素,,收获,植物群,,20,95,95,85,125,65,55,520
104,卡拉卡拉,カラカラ,Cubone,地面,,坚硬脑袋,避雷针,战斗盔甲,怪兽群,,20,50,50,95,40,50,35,320
105,嘎啦嘎啦,ガラガラ,Marowak,地面,,坚硬脑袋,避雷针,战斗盔甲,怪兽群,,20,60,80,110,50,80,45,425
106,飞腿郎,サワムラー,Hitmonlee,格斗,,柔软,舍身,轻装,人型群,,25,50,120,53,35,110,87,455
107,快拳郎,エビワラー,Hitmonchan,格斗,,锐利目光,铁拳,精神力,人型群,,25,50,105,79,35,110,76,455
108,大舌头,ベロリンガ,Lickitung,一般,,我行我素,迟钝,无关天气,怪兽群,,20,90,55,75,60,75,30,385
109,瓦斯弹,ドガース,Koffing,毒,,飘浮,化学变化气体,恶臭,不定形群,,20,40,65,95,60,45,35,340
110,双弹瓦斯,マタドガス,Weezing,毒,,飘浮,化学变化气体,恶臭,不定形群,,20,65,90,120,85,70,60,490
110,双弹瓦斯-伽勒尔的样子,マタドガス,Weezing,毒,妖精,飘浮,化学变化气体,恶臭,不定形群,,20,65,90,120,85,70,60,490
111,独角犀牛,サイホーン,Rhyhorn,地面,岩石,避雷针,坚硬脑袋,舍身,怪兽,陆上群,20,80,85,95,30,30,25,345
112,钻角犀兽,サイドン,Rhydon,地面,岩石,避雷针,坚硬脑袋,舍身,怪兽,陆上群,20,105,130,120,45,45,40,485
113,吉利蛋,ラッキー,Chansey,一般,,自然回复,天恩,治愈之心,妖精群,,40,250,5,5,35,105,50,450
114,蔓藤怪,モンジャラ,Tangela,草,,叶绿素,叶子防守,再生力,植物群,,20,65,55,115,100,40,60,435
115,袋兽,ガルーラ,Kangaskhan,一般,,早起,胆量,精神力,怪兽群,,20,105,95,80,40,80,90,490
115,袋兽-超級進化,ガルーラ,Kangaskhan,一般,,早起,胆量,精神力,怪兽群,,20,105,125,100,60,100,100,590
116,墨海马,タッツー,Horsea,水,,悠游自如,狙击手,湿气,水中1,龙群,20,30,40,70,70,25,60,295
117,海刺龙,シードラ,Seadra,水,,毒刺,狙击手,湿气,水中1,龙群,20,55,65,95,95,45,85,440
118,角金鱼,トサキント,Goldeen,水,,悠游自如,水幕,避雷针,水中2群,,20,45,67,60,35,50,63,320
119,金鱼王,アズマオウ,Seaking,水,,悠游自如,水幕,避雷针,水中2群,,20,80,92,65,65,80,68,450
120,海星星,ヒトデマン,Staryu,水,,发光,自然回复,分析,水中3群,,20,30,45,55,70,55,85,340
121,宝石海星,スターミー,Starmie,水,超能力,发光,自然回复,分析,水中3群,,20,60,75,85,100,85,115,520
122,魔墙人偶,バリヤード,Mr. Mime,超能力,妖精,隔音,过滤,技术高手,人型群,,25,40,45,65,100,120,90,460
122,魔墙人偶-伽勒尔的样子,バリヤード,Mr. Mime,冰,超能力,隔音,过滤,技术高手,人型群,,25,50,65,65,90,90,100,460
123,飞天螳螂,ストライク,Scyther,虫,飞行,蟲之預感,技术高手,不屈之心,虫群,,25,70,110,80,55,80,105,500
124,迷唇姐,ルージュラ,Jynx,冰,超能力,迟钝,预知梦,干燥皮肤,人型群,,25,65,50,35,115,95,95,455
125,电击兽,エレブー,Electabuzz,电,,静电,,干劲,人型群,,25,65,83,57,95,85,105,490
126,鸭嘴火兽,ブーバー,Magmar,火,,火焰之躯,,干劲,人型群,,25,65,95,57,100,85,93,495
127,凯罗斯,カイロス,Pinsir,虫,,怪力钳,破格,自信过度,虫群,,25,65,125,100,55,70,85,500
127,凯罗斯-超級進化,カイロス,Pinsir,虫,飛行,怪力钳,破格,自信过度,虫群,,25,65,155,120,65,90,105,600
128,肯泰罗,ケンタロス,Tauros,一般,,威吓,愤怒穴位,强行,陆上群,,20,75,100,95,40,70,110,490
129,鲤鱼王,コイキング,Magikarp,水,,悠游自如,,胆怯,水中2,龙群,5,20,10,55,15,20,80,200
130,暴鲤龙,ギャラドス,Gyarados,水,飞行,威吓,,自信过度,水中2,龙群,5,95,125,79,60,100,81,540
130,暴鲤龙-超級進化,ギャラドス,Gyarados,水,惡,威吓,,自信过度,水中2,龙群,5,95,155,109,70,130,81,640
131,拉普拉斯,ラプラス,Lapras,水,冰,储水,硬壳盔甲,湿润之躯,怪兽,水中1群,40,130,85,80,85,95,60,535
132,百变怪,メタモン,Ditto,一般,,柔软,,变身者,百变怪群,,20,48,48,48,48,48,48,288
133,伊布-普通伊布,イーブイ,Eevee,一般,,逃跑,适应力,危险预知,陆上群,,35,55,55,50,45,65,55,325
133,伊布-搭檔伊布,イーブイ,Eevee,一般,,逃跑,适应力,危险预知,陆上群,,35,65,75,70,65,85,75,435
134,水伊布,シャワーズ,Vaporeon,水,,储水,,湿润之躯,陆上群,,35,130,65,60,110,95,65,525
135,雷伊布,サンダース,Jolteon,电,,蓄电,,飞毛腿,陆上群,,35,65,65,60,110,95,130,525
136,火伊布,ブースター,Flareon,火,,引火,,毅力,陆上群,,35,65,130,60,95,110,65,525
137,多边兽,ポリゴン,Porygon,一般,,复制,下载,分析,矿物群,,20,65,60,70,85,75,40,395
138,菊石兽,オムナイト,Omanyte,岩石,水,悠游自如,硬壳盔甲,碎裂铠甲,水中1,水中3群,30,35,40,100,90,55,35,355
139,多刺菊石兽,オムスター,Omastar,岩石,水,悠游自如,硬壳盔甲,碎裂铠甲,水中1,水中3群,30,70,60,125,115,70,55,495
140,化石盔,カブト,Kabuto,岩石,水,悠游自如,战斗盔甲,碎裂铠甲,水中1,水中3群,30,30,80,90,55,45,55,355
141,镰刀盔,カブトプス,Kabutops,岩石,水,悠游自如,战斗盔甲,碎裂铠甲,水中1,水中3群,30,60,115,105,65,70,80,495
142,化石翼龙,プテラ,Aerodactyl,岩石,飞行,坚硬脑袋,压迫感,紧张感,飞行群,,35,80,105,65,60,75,130,515
142,化石翼龙-超級進化,プテラ,Aerodactyl,岩石,飞行,坚硬脑袋,压迫感,紧张感,飞行群,,35,80,135,85,70,95,150,615
143,卡比兽,カビゴン,Snorlax,一般,,免疫,厚脂肪,贪吃鬼,怪兽群,,40,160,110,65,65,110,30,540
144,急冻鸟,フリーザー,Articuno,冰,飞行,压迫感,,雪隐,未发现群,,80,90,85,100,95,125,85,580
145,闪电鸟,サンダー,Zapdos,电,飞行,压迫感,,静电,未发现群,,80,90,90,85,125,90,100,580
146,火焰鸟,ファイヤー,Moltres,火,飞行,压迫感,,火焰之躯,未发现群,,80,90,100,90,125,85,90,580
147,迷你龙,ミニリュウ,Dratini,龙,,蜕皮,,神奇鱗片,水中1,龙群,40,41,64,45,50,50,50,300
148,哈克龙,ハクリュー,Dragonair,龙,,蜕皮,,神奇鱗片,水中1,龙群,40,61,84,65,70,70,70,420
149,快龙,カイリュー,Dragonite,龙,飞行,精神力,,多重鳞片,水中1,龙群,40,91,134,95,100,100,80,600
150,超梦,ミュウツー,Mewtwo,超能力,,压迫感,,紧张感,未发现群,,120,106,110,90,154,90,130,680
150,超梦-超級超夢Ｘ,ミュウツー,Mewtwo,超能力,格鬥,压迫感,,紧张感,未发现群,,120,106,190,100,154,100,130,780
150,超梦-超級超夢Ｙ,ミュウツー,Mewtwo,超能力,,压迫感,,紧张感,未发现群,,120,106,150,70,194,120,140,780
151,梦幻,ミュウ,Mew,超能力,,同步,,,未发现群,,120,100,100,100,100,100,100,600
152,菊草叶,チコリータ,Chikorita,草,,茂盛,,叶子防守,怪兽,植物群,20,45,49,65,49,65,45,318
153,月桂叶,ベイリーフ,Bayleef,草,,茂盛,,叶子防守,怪兽,植物群,20,60,62,80,63,80,60,405
154,大竺葵,メガニウム,Meganium,草,,茂盛,,叶子防守,怪兽,植物群,20,80,82,100,83,100,80,525
155,火球鼠,ヒノアラシ,Cyndaquil,火,,猛火,,引火,陆上群,,20,39,52,43,60,50,65,309
156,火岩鼠,マグマラシ,Quilava,火,,猛火,,引火,陆上群,,20,58,64,58,80,65,80,405
157,火暴兽,バクフーン,Typhlosion,火,,猛火,,引火,陆上群,,20,78,84,78,109,85,100,534
158,小锯鳄,ワニノコ,Totodile,水,,激流,,强行,怪兽,水中1群,20,50,65,64,44,48,43,314
159,蓝鳄,アリゲイツ,Croconaw,水,,激流,,强行,怪兽,水中1群,20,65,80,80,59,63,58,405
160,大力鳄,オーダイル,Feraligatr,水,,激流,,强行,怪兽,水中1群,20,85,105,100,79,83,78,530
161,尾立,オタチ,Sentret,一般,,逃跑,锐利目光,察觉,陆上群,,15,35,46,34,35,45,20,215
162,大尾立,オオタチ,Furret,一般,,逃跑,锐利目光,察觉,陆上群,,15,85,76,64,45,55,90,415
163,咕咕,ホーホー,Hoothoot,一般,飞行,不眠,锐利目光,有色眼镜,飞行群,,15,60,30,30,36,56,50,262
164,猫头夜鹰-第七世代起,ヨルノズク,Noctowl,一般,飞行,不眠,锐利目光,有色眼镜,飞行群,,15,100,50,50,86,96,70,452
164,猫头夜鹰-第七世代之前,ヨルノズク,Noctowl,一般,飞行,不眠,锐利目光,有色眼镜,飞行群,,15,100,50,50,76,96,70,442
165,芭瓢虫,レディバ,Ledyba,虫,飞行,虫之预感,早起,胆怯,虫群,,15,40,20,30,40,80,55,265
166,安瓢虫,レディアン,Ledian,虫,飞行,蟲之預感,早起,铁拳,虫群,,15,55,35,50,55,110,85,390
167,圆丝蛛,イトマル,Spinarak,虫,毒,蟲之預感,不眠,狙击手,虫群,,15,40,60,40,40,40,30,250
168,阿利多斯-第七世代起,アリアドス,Ariados,虫,毒,蟲之預感,不眠,狙击手,虫群,,15,70,90,70,60,70,40,400
168,阿利多斯-第七世代之前,アリアドス,Ariados,虫,毒,蟲之預感,不眠,狙击手,虫群,,15,70,90,70,60,60,40,390
169,叉字蝠,クロバット,Crobat,毒,飞行,精神力,,穿透,飞行群,,15,85,90,80,70,80,130,535
170,灯笼鱼,チョンチー,Chinchou,水,电,蓄电,发光,储水,水中2群,,20,75,38,38,56,56,67,330
171,电灯怪,ランターン,Lanturn,水,电,蓄电,发光,储水,水中2群,,20,125,58,58,76,76,67,460
172,皮丘,ピチュー,Pichu,电,,静电,,避雷针,未发现群,,10,20,40,15,35,35,60,205
173,皮宝宝,ピィ,Cleffa,妖精,,迷人之躯,魔法防守,友情防守,未发现群,,10,50,25,28,45,55,15,218
174,宝宝丁,ププリン,Igglybuff,一般,妖精,迷人之躯,好胜,友情防守,未发现群,,10,90,30,15,40,20,15,210
175,波克比,トゲピー,Togepi,妖精,,活力,天恩,超幸运,未发现群,,10,35,20,65,40,65,20,245
176,波克基古,トゲチック,Togetic,妖精,飞行,活力,天恩,超幸运,飞行,妖精群,10,55,40,85,80,105,40,405
177,天然雀,ネイティ,Natu,超能力,飞行,同步,早起,魔法镜,飞行群,,20,40,50,45,70,45,70,320
178,天然鸟,ネイティオ,Xatu,超能力,飞行,同步,早起,魔法镜,飞行群,,20,65,75,70,95,70,95,470
179,咩利羊,メリープ,Mareep,电,,静电,,正电,怪兽,陆上群,20,55,40,40,65,45,35,280
180,茸茸羊,モココ,Flaaffy,电,,静电,,正电,怪兽,陆上群,20,70,55,55,80,60,45,365
181,电龙-第六世代起,デンリュウ,Ampharos,电,,静电,,正电,怪兽,陆上群,20,90,75,85,115,90,55,510
181,电龙,デンリュウ,Ampharos,电,,静电,,正电,怪兽,陆上群,20,90,75,85,115,90,55,510
181,电龙-超級進化,デンリュウ,Ampharos,电,龍,静电,,正电,怪兽,陆上群,20,90,95,105,165,110,45,610
181,电龙-第六世代之前,デンリュウ,Ampharos,电,,静电,,正电,怪兽,陆上群,20,90,75,75,115,90,55,500
182,美丽花-第六世代起,キレイハナ,Bellossom,草,,叶绿素,,治愈之心,植物群,,20,75,80,95,90,100,50,490
182,美丽花-第六世代之前,キレイハナ,Bellossom,草,,叶绿素,,治愈之心,植物群,,20,75,80,85,90,100,50,480
183,玛力露,マリル,Marill,水,妖精,厚脂肪,大力士,食草,水中1,妖精群,10,70,20,50,20,50,40,250
184,玛力露丽-第六世代起,マリルリ,Azumarill,水,妖精,厚脂肪,大力士,食草,水中1,妖精群,10,100,50,80,60,80,50,420
184,玛力露丽-第六世代之前,マリルリ,Azumarill,水,,厚脂肪,大力士,食草,水中1,妖精群,10,100,50,80,50,80,50,410
185,树才怪,ウソッキー,Sudowoodo,岩石,,结实,坚硬脑袋,胆怯,矿物群,,20,70,100,115,30,65,30,410
186,蚊香蛙皇,ニョロトノ,Politoed,水,,储水,湿气,降雨,水中1群,,20,90,75,75,90,100,70,500
187,毽子草,ハネッコ,Hoppip,草,飞行,叶绿素,叶子防守,穿透,妖精,植物群,20,35,35,40,35,55,50,250
188,毽子花,ポポッコ,Skiploom,草,飞行,叶绿素,叶子防守,穿透,妖精,植物群,20,55,45,50,45,65,80,340
189,毽子棉-第六世代起,ワタッコ,Jumpluff,草,飞行,叶绿素,叶子防守,穿透,妖精,植物群,20,75,55,70,55,95,110,460
189,毽子棉-第六世代之前,ワタッコ,Jumpluff,草,飞行,叶绿素,叶子防守,穿透,妖精,植物群,20,75,55,70,55,85,110,450
190,长尾怪手,エイパム,Aipom,一般,,逃跑,捡拾,连续攻击,陆上群,,20,55,70,55,40,55,85,360
191,向日种子,ヒマナッツ,Sunkern,草,,叶绿素,太阳之力,早起,植物群,,20,30,30,30,30,30,30,180
192,向日花怪,キマワリ,Sunflora,草,,叶绿素,太阳之力,早起,植物群,,20,75,75,55,105,85,30,425
193,蜻蜻蜓,ヤンヤンマ,Yanma,虫,飞行,加速,复眼,察觉,虫群,,20,65,65,45,75,45,95,390
194,乌波,ウパー,Wooper,水,地面,湿气,储水,纯朴,水中1,陆上群,20,55,45,45,25,25,15,210
195,沼王,ヌオー,Quagsire,水,地面,湿气,储水,纯朴,水中1,陆上群,20,95,85,85,65,65,35,430
196,太阳伊布,エーフィ,Espeon,超能力,,同步,,魔法镜,陆上群,,35,65,65,60,130,95,110,525
197,月亮伊布,ブラッキー,Umbreon,恶,,同步,,精神力,陆上群,,35,95,65,110,60,130,65,525
198,黑暗鸦,ヤミカラス,Murkrow,恶,飞行,不眠,超幸运,恶作剧之心,飞行群,,20,60,85,42,85,42,91,405
199,呆呆王,ヤドキング,Slowking,水,超能力,迟钝,我行我素,再生力,怪兽,水中1群,20,95,75,80,100,110,30,490
200,梦妖,ムウマ,Misdreavus,幽灵,,飘浮,,,不定形群,,25,60,60,60,85,85,85,435
201,未知图腾,アンノーン,Unown,超能力,,飘浮,,,未发现群,,40,48,72,48,72,48,48,336
202,果然翁,ソーナンス,Wobbuffet,超能力,,踩影,,心灵感应,不定形群,,20,190,33,58,33,58,33,405
203,麒麟奇,キリンリキ,Girafarig,一般,超能力,精神力,早起,食草,陆上群,,20,70,80,65,90,65,85,455
204,榛果球,クヌギダマ,Pineco,虫,,结实,,防尘,虫群,,20,50,65,90,35,35,15,290
205,佛烈托斯,フォレトス,Forretress,虫,钢,结实,,防尘,虫群,,20,75,90,140,60,60,40,465
206,土龙弟弟,ノコッチ,Dunsparce,一般,,天恩,逃跑,胆怯,陆上群,,20,100,70,70,65,65,45,415
207,天蝎,グライガー,Gligar,地面,飞行,怪力钳,沙隐,免疫,虫群,,20,65,75,105,35,65,85,430
208,大钢蛇,ハガネール,Steelix,钢,地面,坚硬脑袋,结实,强行,矿物群,,25,75,85,200,55,65,30,510
208,大钢蛇-超級進化,ハガネール,Steelix,钢,地面,坚硬脑袋,结实,强行,矿物群,,25,75,125,230,55,95,30,610
209,布鲁,ブルー,Snubbull,妖精,,威吓,逃跑,胆怯,陆上,妖精群,20,60,80,50,40,40,30,300
210,布鲁皇,グランブル,Granbull,妖精,,威吓,飞毛腿,胆怯,陆上,妖精群,20,90,120,75,60,60,45,450
211,千针鱼-第七世代起,ハリーセン,Qwilfish,水,毒,毒刺,悠游自如,威吓,水中2群,,20,65,95,85,55,55,85,440
211,千针鱼-第七世代之前,ハリーセン,Qwilfish,水,毒,毒刺,悠游自如,威吓,水中2群,,20,65,95,75,55,55,85,430
212,巨钳螳螂,ハッサム,Scizor,虫,钢,蟲之預感,技术高手,轻金属,虫群,,25,70,130,100,55,80,65,500
212,巨钳螳螂-超級進化,ハッサム,Scizor,虫,钢,蟲之預感,技术高手,轻金属,虫群,,25,70,150,140,65,100,75,600
213,壶壶,ツボツボ,Shuckle,虫,岩石,结实,贪吃鬼,唱反调,虫群,,20,20,10,230,10,230,5,505
214,赫拉克罗斯,ヘラクロス,Heracross,虫,格斗,蟲之預感,毅力,自信过度,虫群,,25,80,125,75,40,95,85,500
214,赫拉克罗斯-超級進化,ヘラクロス,Heracross,虫,格斗,蟲之預感,毅力,自信过度,虫群,,25,80,185,115,40,105,75,600
215,狃拉,ニューラ,Sneasel,恶,冰,精神力,锐利目光,顺手牵羊,陆上群,,20,55,95,55,35,75,115,430
216,熊宝宝,ヒメグマ,Teddiursa,一般,,捡拾,飞毛腿,采蜜,陆上群,,20,60,80,50,50,50,40,330
217,圈圈熊,リングマ,Ursaring,一般,,毅力,飞毛腿,紧张感,陆上群,,20,90,130,75,75,75,55,500
218,熔岩虫,マグマッグ,Slugma,火,,熔岩铠甲,火焰之躯,碎裂铠甲,不定形群,,20,40,40,40,70,40,20,250
219,熔岩蜗牛-第七世代起,マグカルゴ,Magcargo,火,岩石,熔岩铠甲,火焰之躯,碎裂铠甲,不定形群,,20,60,50,120,90,80,30,430
219,熔岩蜗牛-第七世代之前,マグカルゴ,Magcargo,火,岩石,熔岩铠甲,火焰之躯,碎裂铠甲,不定形群,,20,50,50,120,80,80,30,410
220,小山猪,ウリムー,Swinub,冰,地面,迟钝,雪隐,厚脂肪,陆上群,,20,50,50,40,30,30,50,250
221,长毛猪,イノムー,Piloswine,冰,地面,迟钝,雪隐,厚脂肪,陆上群,,20,100,100,80,60,60,50,450
222,太阳珊瑚-第七世代起,サニーゴ,Corsola,水,岩石,活力,自然回复,再生力,水中1,水中3群,20,65,55,95,65,95,35,410
222,太阳珊瑚-伽勒尔的样子,サニーゴ,Corsola,幽灵,,活力,自然回复,再生力,水中1,水中3群,20,60,55,100,65,100,30,410
222,太阳珊瑚-第七世代之前,サニーゴ,Corsola,水,岩石,活力,自然回复,再生力,水中1,水中3群,20,55,55,85,65,85,35,380
223,铁炮鱼,テッポウオ,Remoraid,水,,活力,狙击手,心情不定,水中1,水中2群,20,35,65,35,65,35,65,300
224,章鱼桶,オクタン,Octillery,水,,吸盘,狙击手,心情不定,水中1,水中2群,20,75,105,75,105,75,45,480
225,信使鸟,デリバード,Delibird,冰,飞行,干劲,活力,不眠,水中1,陆上群,20,45,55,45,65,45,75,330
226,巨翅飞鱼-第七世代起,マンタイン,Mantine,水,飞行,悠游自如,储水,水幕,水中1群,,25,85,40,70,80,140,70,485
226,巨翅飞鱼-第七世代之前,マンタイン,Mantine,水,飞行,悠游自如,储水,水幕,水中1群,,25,65,40,70,80,140,70,465
227,盔甲鸟,エアームド,Skarmory,钢,飞行,锐利目光,结实,碎裂铠甲,飞行群,,25,65,80,140,40,70,70,465
228,戴鲁比,デルビル,Houndour,恶,火,早起,引火,紧张感,陆上群,,20,45,60,30,80,50,65,330
229,黑鲁加,ヘルガー,Houndoom,恶,火,早起,引火,紧张感,陆上群,,20,75,90,50,110,80,95,500
229,黑鲁加-超級進化,ヘルガー,Houndoom,恶,火,早起,引火,紧张感,陆上群,,20,75,90,90,140,90,115,600
230,刺龙王,キングドラ,Kingdra,水,龙,悠游自如,狙击手,湿气,水中1,龙群,20,75,95,95,95,95,85,540
231,小小象,ゴマゾウ,Phanpy,地面,,捡拾,,沙隐,陆上群,,20,90,60,60,40,40,40,330
232,顿甲,ドンファン,Donphan,地面,,结实,,沙隐,陆上群,,20,90,120,120,60,60,50,500
233,多边兽Ⅱ,ポリゴン２,Porygon2,一般,,复制,下载,分析,矿物群,,20,85,80,90,105,95,60,515
234,惊角鹿,オドシシ,Stantler,一般,,威吓,察觉,食草,陆上群,,20,73,95,62,85,65,85,465
235,图图犬,ドーブル,Smeargle,一般,,我行我素,技术高手,心情不定,陆上群,,20,55,20,35,20,45,75,250
236,无畏小子,バルキー,Tyrogue,格斗,,毅力,不屈之心,干劲,未发现群,,25,35,35,35,35,35,35,210
237,战舞郎,カポエラー,Hitmontop,格斗,,威吓,技术高手,不屈之心,人型群,,25,50,95,95,35,110,70,455
238,迷唇娃,ムチュール,Smoochum,冰,超能力,迟钝,预知梦,湿润之躯,未发现群,,25,45,30,15,85,65,65,305
239,电击怪,エレキッド,Elekid,电,,静电,,干劲,未发现群,,25,45,63,37,65,55,95,360
240,鸭嘴宝宝,ブビィ,Magby,火,,火焰之躯,,干劲,未发现群,,25,45,75,37,70,55,83,365
241,大奶罐,ミルタンク,Miltank,一般,,厚脂肪,胆量,食草,陆上群,,20,95,80,105,40,70,100,490
242,幸福蛋,ハピナス,Blissey,一般,,自然回复,天恩,治愈之心,妖精群,,40,255,10,10,75,135,55,540
243,雷公,ライコウ,Raikou,电,,压迫感,,精神力,未发现群,,80,90,85,75,115,100,115,580
244,炎帝,エンテイ,Entei,火,,压迫感,,精神力,未发现群,,80,115,115,85,90,75,100,580
245,水君,スイクン,Suicune,水,,压迫感,,精神力,未发现群,,80,100,75,115,90,115,85,580
246,幼基拉斯,ヨーギラス,Larvitar,岩石,地面,毅力,,沙隐,怪兽群,,40,50,64,50,45,50,41,300
247,沙基拉斯,サナギラス,Pupitar,岩石,地面,蜕皮,,,怪兽群,,40,70,84,70,65,70,51,410
248,班基拉斯,バンギラス,Tyranitar,岩石,恶,扬沙,,紧张感,怪兽群,,40,100,134,110,95,100,61,600
248,班基拉斯-超級進化,バンギラス,Tyranitar,岩石,恶,扬沙,,紧张感,怪兽群,,40,100,164,150,95,120,71,700
249,洛奇亚,ルギア,Lugia,超能力,飞行,压迫感,,多重鳞片,未发现群,,120,106,90,130,90,154,110,680
250,凤王,ホウオウ,Ho-Oh,火,飞行,压迫感,,再生力,未发现群,,120,106,130,90,110,154,90,680
251,时拉比,セレビィ,Celebi,超能力,草,自然回复,,,未发现群,,120,100,100,100,100,100,100,600
252,木守宫,キモリ,Treecko,草,,茂盛,,轻装,怪兽,龙群,20,40,45,35,65,55,70,310
253,森林蜥蜴,ジュプトル,Grovyle,草,,茂盛,,轻装,怪兽,龙群,20,50,65,45,85,65,95,405
254,蜥蜴王,ジュカイン,Sceptile,草,,茂盛,,轻装,怪兽,龙群,20,70,85,65,105,85,120,530
254,蜥蜴王-超級進化,ジュカイン,Sceptile,草,龙,茂盛,,轻装,怪兽,龙群,20,70,110,75,145,85,145,630
255,火稚鸡,アチャモ,Torchic,火,,猛火,,加速,陆上群,,20,45,60,40,70,50,45,310
256,力壮鸡,ワカシャモ,Combusken,火,格斗,猛火,,加速,陆上群,,20,60,85,60,85,60,55,405
257,火焰鸡,バシャーモ,Blaziken,火,格斗,猛火,,加速,陆上群,,20,80,120,70,110,70,80,530
257,火焰鸡-超級進化,バシャーモ,Blaziken,火,格斗,猛火,,加速,陆上群,,20,80,160,80,130,80,100,630
258,水跃鱼,ミズゴロウ,Mudkip,水,,激流,,湿气,怪兽,水中1群,20,50,70,50,50,50,40,310
259,沼跃鱼,ヌマクロー,Marshtomp,水,地面,激流,,湿气,怪兽,水中1群,20,70,85,70,60,70,50,405
260,巨沼怪,ラグラージ,Swampert,水,地面,激流,,湿气,怪兽,水中1群,20,100,110,90,85,90,60,535
260,巨沼怪-超級進化,ラグラージ,Swampert,水,地面,激流,,湿气,怪兽,水中1群,20,100,150,110,95,110,70,635
261,土狼犬,ポチエナ,Poochyena,恶,,逃跑,飞毛腿,胆怯,陆上群,,15,35,55,35,30,30,35,220
262,大狼犬,グラエナ,Mightyena,恶,,威吓,飞毛腿,自信过度,陆上群,,15,70,90,70,60,60,70,420
263,蛇纹熊,ジグザグマ,Zigzagoon,一般,,捡拾,贪吃鬼,飞毛腿,陆上群,,15,38,30,41,30,41,60,240
263,蛇纹熊-伽勒尔的样子,ジグザグマ,Zigzagoon,恶,一般,捡拾,贪吃鬼,飞毛腿,陆上群,,15,38,30,41,30,41,60,240
264,直冲熊,マッスグマ,Linoone,一般,,捡拾,贪吃鬼,飞毛腿,陆上群,,15,78,70,61,50,61,100,420
264,直冲熊-伽勒尔的样子,マッスグマ,Linoone,恶,一般,捡拾,贪吃鬼,飞毛腿,陆上群,,15,78,70,61,50,61,100,420
265,刺尾虫,ケムッソ,Wurmple,虫,,鳞粉,,逃跑,虫群,,15,45,45,35,20,30,20,195
266,甲壳茧,カラサリス,Silcoon,虫,,蜕皮,,,虫群,,15,50,35,55,25,25,15,205
267,狩猎凤蝶-第六世代起,アゲハント,Beautifly,虫,飞行,虫之预感,,斗争心,虫群,,15,60,70,50,100,50,65,395
267,狩猎凤蝶-第六世代之前,アゲハント,Beautifly,虫,飞行,虫之预感,,斗争心,虫群,,15,60,70,50,90,50,65,385
268,盾甲茧,マユルド,Cascoon,虫,,蜕皮,,,虫群,,15,50,35,55,25,25,15,205
269,毒粉蛾,ドクケイル,Dustox,虫,毒,鳞粉,,复眼,虫群,,15,60,50,70,50,90,65,385
270,莲叶童子,ハスボー,Lotad,水,草,悠游自如,雨盘,我行我素,水中1,植物群,15,40,30,30,40,50,30,220
271,莲帽小童,ハスブレロ,Lombre,水,草,悠游自如,雨盘,我行我素,水中1,植物群,15,60,50,50,60,70,50,340
272,乐天河童,ルンパッパ,Ludicolo,水,草,悠游自如,雨盘,我行我素,水中1,植物群,15,80,70,70,90,100,70,480
273,橡实果,タネボー,Seedot,草,,叶绿素,早起,顺手牵羊,陆上,植物群,15,40,40,50,30,30,30,220
274,长鼻叶,コノハナ,Nuzleaf,草,恶,叶绿素,早起,顺手牵羊,陆上,植物群,15,70,70,40,60,40,60,340
275,狡猾天狗,ダーテング,Shiftry,草,恶,叶绿素,早起,顺手牵羊,陆上,植物群,15,90,100,60,90,60,80,480
276,傲骨燕,スバメ,Taillow,一般,飞行,毅力,,胆量,飞行群,,15,40,55,30,30,30,85,270
277,大王燕-第七世代起,オオスバメ,Swellow,一般,飞行,毅力,,胆量,飞行群,,15,60,85,60,75,50,125,455
277,大王燕-第七世代之前,オオスバメ,Swellow,一般,飞行,毅力,,胆量,飞行群,,15,60,85,60,50,50,125,430
278,长翅鸥,キャモメ,Wingull,水,飞行,锐利目光,湿润之躯,雨盘,水中1,飞行群,20,40,30,30,55,30,85,270
279,大嘴鸥-第七世代起,ペリッパー,Pelipper,水,飞行,锐利目光,降雨,雨盘,水中1,飞行群,20,60,50,100,95,70,65,440
279,大嘴鸥-第七世代之前,ペリッパー,Pelipper,水,飞行,锐利目光,降雨,雨盘,水中1,飞行群,20,60,50,100,85,70,65,430
280,拉鲁拉丝,ラルトス,Ralts,超能力,妖精,同步,复制,心灵感应,人型,不定形群,20,28,25,25,45,35,40,198
281,奇鲁莉安,キルリア,Kirlia,超能力,妖精,同步,复制,心灵感应,人型,不定形群,20,38,35,35,65,55,50,278
282,沙奈朵,サーナイト,Gardevoir,超能力,妖精,同步,复制,心灵感应,人型,不定形群,20,68,65,65,125,115,80,518
282,沙奈朵-超級進化,サーナイト,Gardevoir,超能力,妖精,同步,复制,心灵感应,人型,不定形群,20,68,85,65,165,135,100,618
283,溜溜糖球,アメタマ,Surskit,虫,水,悠游自如,,雨盘,水中1,虫群,15,40,30,32,50,52,65,269
284,雨翅蛾-第七世代起,アメモース,Masquerain,虫,飞行,威吓,,紧张感,水中1,虫群,15,70,60,62,100,82,80,454
284,雨翅蛾-第七世代之前,アメモース,Masquerain,虫,飞行,威吓,,紧张感,水中1,虫群,15,70,60,62,80,82,60,414
285,蘑蘑菇,キノココ,Shroomish,草,,孢子,毒疗,飞毛腿,妖精,植物群,15,60,40,60,40,60,35,295
286,斗笠菇,キノガッサ,Breloom,草,格斗,孢子,毒疗,技术高手,妖精,植物群,15,60,130,80,60,60,70,460
287,懒人獭,ナマケロ,Slakoth,一般,,懒惰,,,陆上群,,15,60,60,60,35,35,30,280
288,过动猿,ヤルキモノ,Vigoroth,一般,,干劲,,,陆上群,,15,80,80,80,55,55,90,440
289,请假王,ケッキング,Slaking,一般,,懒惰,,,陆上群,,15,150,160,100,95,65,100,670
290,土居忍士,ツチニン,Nincada,虫,地面,复眼,,逃跑,虫群,,15,31,45,90,30,30,40,266
291,铁面忍者,テッカニン,Ninjask,虫,飞行,加速,,穿透,虫群,,15,61,90,45,50,50,160,456
292,脱壳忍者,ヌケニン,Shedinja,虫,幽灵,神奇守护,,,矿物群,,15,1,90,45,30,30,40,236
293,咕妞妞,ゴニョニョ,Whismur,一般,,隔音,,胆怯,怪兽,陆上群,20,64,51,23,51,23,28,240
294,吼爆弹,ドゴーム,Loudred,一般,,隔音,,胆量,怪兽,陆上群,20,84,71,43,71,43,48,360
295,爆音怪-第六世代起,バクオング,Exploud,一般,,隔音,,胆量,怪兽,陆上群,20,104,91,63,91,73,68,490
295,爆音怪-第六世代之前,バクオング,Exploud,一般,,隔音,,胆量,怪兽,陆上群,20,104,91,63,91,63,68,480
296,幕下力士,マクノシタ,Makuhita,格斗,,厚脂肪,毅力,强行,人型群,,20,72,60,30,20,30,25,237
297,铁掌力士,ハリテヤマ,Hariyama,格斗,,厚脂肪,毅力,强行,人型群,,20,144,120,60,40,60,50,474
298,露力丽,ルリリ,Azurill,一般,妖精,厚脂肪,大力士,食草,未发现群,,10,50,20,40,20,40,20,190
299,朝北鼻,ノズパス,Nosepass,岩石,,结实,磁力,沙之力,矿物群,,20,30,45,135,45,90,30,375
300,向尾喵,エネコ,Skitty,一般,,迷人之躯,一般皮肤,奇迹皮肤,陆上,妖精群,15,50,45,45,35,35,50,260
301,优雅猫-第七世代起,エネコロロ,Delcatty,一般,,迷人之躯,一般皮肤,奇迹皮肤,陆上,妖精群,15,70,65,65,55,55,90,400
301,优雅猫-第七世代之前,エネコロロ,Delcatty,一般,,迷人之躯,一般皮肤,奇迹皮肤,陆上,妖精群,15,70,65,65,55,55,70,380
302,勾魂眼,ヤミラミ,Sableye,恶,幽灵,锐利目光,慢出,恶作剧之心,人型群,,25,50,75,75,65,65,50,380
302,勾魂眼-超級進化,ヤミラミ,Sableye,恶,幽灵,锐利目光,慢出,恶作剧之心,人型群,,25,50,85,125,85,115,20,480
303,大嘴娃,クチート,Mawile,钢,妖精,怪力钳,威吓,强行,陆上,妖精群,20,50,85,85,55,55,50,380
303,大嘴娃-超級進化,クチート,Mawile,钢,妖精,怪力钳,威吓,强行,陆上,妖精群,20,50,105,125,55,95,50,480
304,可可多拉,ココドラ,Aron,钢,岩石,结实,坚硬脑袋,重金属,怪兽群,,35,50,70,100,40,40,30,330
305,可多拉,コドラ,Lairon,钢,岩石,结实,坚硬脑袋,重金属,怪兽群,,35,60,90,140,50,50,40,430
306,波士可多拉,ボスゴドラ,Aggron,钢,岩石,结实,坚硬脑袋,重金属,怪兽群,,35,70,110,180,60,60,50,530
306,波士可多拉-超級進化,ボスゴドラ,Aggron,钢,,结实,坚硬脑袋,重金属,怪兽群,,35,70,140,230,60,80,50,630
307,玛沙那,アサナン,Meditite,格斗,超能力,瑜伽之力,,心灵感应,人型群,,20,30,40,55,40,55,60,280
308,恰雷姆,チャーレム,Medicham,格斗,超能力,瑜伽之力,,心灵感应,人型群,,20,60,60,75,60,75,80,410
308,恰雷姆-超級進化,チャーレム,Medicham,格斗,超能力,瑜伽之力,,心灵感应,人型群,,20,60,100,85,80,85,100,510
309,落雷兽,ラクライ,Electrike,电,,静电,避雷针,负电,陆上群,,20,40,45,40,65,40,65,295
310,雷电兽,ライボルト,Manectric,电,,静电,避雷针,负电,陆上群,,20,70,75,60,105,60,105,475
310,雷电兽-超級進化,ライボルト,Manectric,电,,静电,避雷针,负电,陆上群,,20,70,75,80,135,80,135,575
311,正电拍拍,プラスル,Plusle,电,,正电,,避雷針,妖精群,,20,60,50,40,85,75,95,405
312,负电拍拍,マイナン,Minun,电,,负电,,蓄電,妖精群,,20,60,40,50,75,85,95,405
313,电萤虫-第七世代起,バルビート,Volbeat,虫,,发光,虫之预感,恶作剧之心,虫,人型群,15,65,73,75,47,85,85,430
313,电萤虫-第七世代之前,バルビート,Volbeat,虫,,发光,虫之预感,恶作剧之心,虫,人型群,15,65,73,55,47,75,85,400
314,甜甜萤-第七世代起,イルミーゼ,Illumise,虫,,迟钝,有色眼镜,恶作剧之心,虫,人型群,15,65,47,75,73,85,85,430
314,甜甜萤-第七世代之前,イルミーゼ,Illumise,虫,,迟钝,有色眼镜,恶作剧之心,虫,人型群,15,65,47,55,73,75,85,400
315,毒蔷薇,ロゼリア,Roselia,草,毒,自然回复,毒刺,叶子防守,妖精,植物群,20,50,60,45,100,80,65,400
316,溶食兽,ゴクリン,Gulpin,毒,,污泥浆,黏着,贪吃鬼,不定形群,,20,70,43,53,43,53,40,302
317,吞食兽,マルノーム,Swalot,毒,,污泥浆,黏着,贪吃鬼,不定形群,,20,100,73,83,73,83,55,467
318,利牙鱼,キバニア,Carvanha,水,恶,粗糙皮肤,,加速,水中2群,,20,45,90,20,65,20,65,305
319,巨牙鲨,サメハダー,Sharpedo,水,恶,粗糙皮肤,,加速,水中2群,,20,70,120,40,95,40,95,460
319,巨牙鲨-超級進化,サメハダー,Sharpedo,水,恶,粗糙皮肤,,加速,水中2群,,20,70,140,70,110,65,105,560
320,吼吼鲸,ホエルコ,Wailmer,水,,水幕,迟钝,压迫感,陆上,水中2群,40,130,70,35,70,35,60,400
321,吼鲸王,ホエルオー,Wailord,水,,水幕,迟钝,压迫感,陆上,水中2群,40,170,90,45,90,45,60,500
322,呆火驼,ドンメル,Numel,火,地面,迟钝,单纯,我行我素,陆上群,,20,60,60,40,65,45,35,305
323,喷火驼,バクーダ,Camerupt,火,地面,熔岩铠甲,坚硬岩石,愤怒穴位,陆上群,,20,70,100,70,105,75,40,460
323,喷火驼-超級進化,バクーダ,Camerupt,火,地面,熔岩铠甲,坚硬岩石,愤怒穴位,陆上群,,20,70,120,100,145,105,20,560
324,煤炭龟,コータス,Torkoal,火,,白色煙霧,日照,硬壳盔甲,陆上群,,20,70,85,140,85,70,20,470
325,跳跳猪,バネブー,Spoink,超能力,,厚脂肪,我行我素,贪吃鬼,陆上群,,20,60,25,35,70,80,60,330
326,噗噗猪,ブーピッグ,Grumpig,超能力,,厚脂肪,我行我素,贪吃鬼,陆上群,,20,80,45,65,90,110,80,470
327,晃晃斑,パッチール,Spinda,一般,,我行我素,蹒跚,唱反调,陆上,人型群,15,60,60,60,60,60,60,360
328,大颚蚁,ナックラー,Trapinch,地面,,怪力钳,沙穴,强行,虫,龙群,20,45,100,45,45,45,10,290
329,超音波幼虫,ビブラーバ,Vibrava,地面,龙,飘浮,,,虫,龙群,20,50,70,50,50,50,70,340
330,沙漠蜻蜓,フライゴン,Flygon,地面,龙,飘浮,,,虫,龙群,20,80,100,80,80,80,100,520
331,刺球仙人掌,サボネア,Cacnea,草,,沙隐,,储水,植物,人型群,20,50,85,40,85,40,35,335
332,梦歌仙人掌,ノクタス,Cacturne,草,恶,沙隐,,储水,植物,人型群,20,70,115,60,115,60,55,475
333,青绵鸟,チルット,Swablu,一般,飞行,自然回复,,无关天气,飞行,龙群,20,45,40,60,40,75,50,310
334,七夕青鸟,チルタリス,Altaria,龙,飞行,自然回复,,无关天气,飞行,龙群,20,75,70,90,70,105,80,490
334,七夕青鸟-超級進化,チルタリス,Altaria,龙,妖精,自然回复,,无关天气,飞行,龙群,20,75,110,110,110,105,80,590
335,猫鼬斩,ザングース,Zangoose,一般,,免疫,,中毒激升,陆上群,,20,73,115,60,60,60,90,458
336,饭匙蛇,ハブネーク,Seviper,毒,,蜕皮,,穿透,陆上,龙群,20,73,100,60,100,60,65,458
337,月石-第七世代起,ルナトーン,Lunatone,岩石,超能力,飘浮,,,矿物群,,25,90,55,65,95,85,70,460
337,月石-第七世代之前,ルナトーン,Lunatone,岩石,超能力,飘浮,,,矿物群,,25,70,55,65,95,85,70,440
338,太阳岩-第七世代起,ソルロック,Solrock,岩石,超能力,飘浮,,,矿物群,,25,90,95,85,55,65,70,460
338,太阳岩-第七世代之前,ソルロック,Solrock,岩石,超能力,飘浮,,,矿物群,,25,70,95,85,55,65,70,440
339,泥泥鳅,ドジョッチ,Barboach,水,地面,迟钝,危险预知,湿润之躯,水中2群,,20,50,48,43,46,41,60,288
340,鲶鱼王,ナマズン,Whiscash,水,地面,迟钝,危险预知,湿润之躯,水中2群,,20,110,78,73,76,71,60,468
341,龙虾小兵,ヘイガニ,Corphish,水,,怪力钳,硬壳盔甲,适应力,水中1,水中3群,15,43,80,65,50,35,35,308
342,铁螯龙虾,シザリガー,Crawdaunt,水,恶,怪力钳,硬壳盔甲,适应力,水中1,水中3群,15,63,120,85,90,55,55,468
343,天秤偶,ヤジロン,Baltoy,地面,超能力,飘浮,,,矿物群,,20,40,40,55,40,70,55,300
344,念力土偶,ネンドール,Claydol,地面,超能力,飘浮,,,矿物群,,20,60,70,105,70,120,75,500
345,触手百合,リリーラ,Lileep,岩石,草,吸盘,,引水,水中3群,,30,66,41,77,61,87,23,355
346,摇篮百合,ユレイドル,Cradily,岩石,草,吸盘,,引水,水中3群,,30,86,81,97,81,107,43,495
347,太古羽虫,アノプス,Anorith,岩石,虫,战斗盔甲,,悠游自如,水中3群,,30,45,95,50,40,50,75,355
348,太古盔甲,アーマルド,Armaldo,岩石,虫,战斗盔甲,,悠游自如,水中3群,,30,75,125,100,70,80,45,495
349,丑丑鱼,ヒンバス,Feebas,水,,悠游自如,迟钝,适应力,水中1,龙群,20,20,15,20,10,55,80,200
350,美纳斯,ミロカロス,Milotic,水,,神奇鳞片,好胜,迷人之躯,水中1,龙群,20,95,60,79,100,125,81,540
